"0","library(""tidyverse"")"
"2","[30m-- [1mAttaching packages[22m --------------------------------------- tidyverse 1.2.1 --[39m
"
"2","[30m[32mv[30m [34mggplot2[30m 3.2.1     [32mv[30m [34mpurrr  [30m 0.3.2
[32mv[30m [34mtibble [30m 2.1.3     [32mv[30m [34mdplyr  [30m 0.8.3
[32mv[30m [34mtidyr  [30m 0.8.3     [32mv[30m [34mstringr[30m 1.4.0
[32mv[30m [34mreadr  [30m 1.3.1     [32mv[30m [34mforcats[30m 0.4.0[39m
"
"2","[30m-- [1mConflicts[22m ------------------------------------------ tidyverse_conflicts() --
[31mx[30m [34mdplyr[30m::[32mfilter()[30m masks [34mstats[30m::filter()
[31mx[30m [34mdplyr[30m::[32mlag()[30m    masks [34mstats[30m::lag()[39m
"
"0","library(""httr"")"
"0","library(""jsonlite"")"
"2","
Attaching package: ‘jsonlite’

"
"2","The following object is masked from ‘package:purrr’:

    flatten

"
"0","library(""tidyverse"")"
"0","library(""stringr"")"
"0","library(""rlang"")"
"2","
Attaching package: ‘rlang’

"
"2","The following objects are masked from ‘package:jsonlite’:

    flatten, unbox

"
"2","The following objects are masked from ‘package:purrr’:

    %@%, as_function, flatten, flatten_chr, flatten_dbl, flatten_int, flatten_lgl, flatten_raw, invoke, list_along, modify, prepend,
    splice

"
"0","library(""ggplot2"")"
"0","library(gridExtra)"
"2","
Attaching package: ‘gridExtra’

"
"2","The following object is masked from ‘package:dplyr’:

    combine

"
"0","#library(""printr"")"
"0","knitr::opts_chunk$set(comment=NA)"
